,age,fever_temperature,oxygen_saturation
age,1.0,0.008491928601636264,0.013170735957974763
fever_temperature,0.008491928601636264,1.0,0.013666822295102363
oxygen_saturation,0.013170735957974763,0.013666822295102363,1.0
