,age,fever_temperature,oxygen_saturation
age,1.0,-0.018999046860529573,-0.005842317253285904
fever_temperature,-0.018999046860529573,1.0,0.028957508486151376
oxygen_saturation,-0.005842317253285904,0.028957508486151376,1.0
